City,Cloudiness,Country,Date,Humidity,Lat,Lan,Max_Temp,Wind_Speed
mataura,76,NZ,1570998840,88,-46.19,168.86,51.01,1.01
trairi,67,BR,1570998840,69,-3.28,-39.27,76.96,7.52
we,,,,,,,,
illoqqortoormiut,,,,,,,,
port elizabeth,90,US,1570998841,67,39.31,-74.98,68,8.05
castro,0,CL,1570998841,47,-42.48,-73.76,57.2,11.41
carnarvon,0,ZA,1570998841,32,-30.97,22.13,60.76,12.33
tuatapere,55,NZ,1570998841,88,-46.13,167.69,51.01,1.01
grindavik,90,IS,1570998841,93,63.84,-22.43,42.8,17.22
chokurdakh,100,RU,1570998842,94,70.62,147.9,16.47,12.73
comodoro rivadavia,20,AR,1570998842,46,-45.87,-67.48,53.6,3.36
honningsvag,75,NO,1570998842,69,70.98,25.97,39.2,12.75
mount isa,0,AU,1570998842,29,-20.73,139.49,60.8,2.24
lasa,0,CY,1570998842,47,34.92,32.53,77,3.36
bluff,100,AU,1570998842,76,-23.58,149.07,68.02,13.63
belushya guba,,,,,,,,
butaritari,0,KI,1570998843,68,3.07,172.79,84.83,7.26
leningradskiy,100,RU,1570998843,57,69.38,178.42,29.89,6.59
piacabucu,1,BR,1570998843,75,-10.41,-36.43,76.23,8.8
victoria,75,BN,1570998843,94,5.28,115.24,78.8,0.47
asau,,,,,,,,
barentsburg,,,,,,,,
hermanus,0,ZA,1570998844,85,-34.42,19.24,66.99,10
fort nelson,90,CA,1570998844,74,58.81,-122.69,35.6,5.82
saldanha,38,PT,1570998844,55,41.42,-6.55,61.66,8.69
nikolskoye,90,RU,1570998844,81,59.7,30.79,48.2,8.95
kodiak,1,US,1570998844,22,39.95,-94.76,64.4,9.17
antalaha,12,MG,1570998844,81,-14.9,50.28,76.23,12.31
payo,98,ID,1570998845,68,-3.75,103.64,67.08,3.23
punta arenas,0,CL,1570998845,45,-53.16,-70.91,46.4,20.8
baruun-urt,0,MN,1570998845,37,46.68,113.28,23.41,6.6
kapaa,40,US,1570998845,70,22.08,-159.32,84.2,11.41
lumajang,98,ID,1570998845,75,-8.14,113.22,59.85,0.31
ushuaia,40,AR,1570998845,56,-54.81,-68.31,42.8,25.28
puerto ayora,20,EC,1570998846,61,-0.74,-90.35,77,12.75
saint-augustin,20,CA,1570998846,44,45.63,-73.98,61,5.82
jamestown,85,AU,1570998846,95,-33.21,138.6,50.88,11.01
hasaki,75,JP,1570998846,77,35.73,140.83,63,13.87
souillac,0,FR,1570998846,88,45.6,-0.6,69.01,4.7
albany,75,US,1570998846,41,42.65,-73.75,63,4.7
kabansk,0,RU,1570998847,92,52.06,106.65,14,2.98
diego de almagro,100,CL,1570998847,28,-26.39,-70.05,67.86,6.61
bethel,1,US,1570998847,80,60.79,-161.76,32,13.87
maroantsetra,58,MG,1570998847,99,-15.43,49.74,65.25,1.52
bredasdorp,26,ZA,1570998848,72,-34.53,20.04,62.01,13.87
lompoc,1,US,1570998848,52,34.64,-120.46,82.4,21.92
kavieng,100,PG,1570998848,69,-2.57,150.8,83.19,1.17
tiksi,83,RU,1570998848,88,71.64,128.87,15.51,5.68
ketchikan,40,US,1570998848,70,55.34,-131.65,46.4,8.05
hua hin,98,TH,1570998848,81,12.57,99.96,78.71,4.54
toktogul,1,KG,1570998849,43,41.87,72.95,43.05,2.04
barrow,38,AR,1570998849,41,-38.31,-60.23,51.12,15.37
busselton,78,AU,1570998849,71,-33.64,115.35,51.01,12.54
sistranda,20,NO,1570998849,93,63.73,8.83,44.01,5.82
thompson,90,CA,1570998849,100,55.74,-97.86,33.8,8.05
srednekolymsk,100,RU,1570998850,96,67.46,153.71,25.34,13.76
east london,40,ZA,1570998850,80,-33.02,27.91,65.05,13.65
cape town,0,ZA,1570998850,72,-33.93,18.42,68,8.05
tabiauea,,,,,,,,
klaksvik,0,FO,1570998850,86,62.23,-6.59,41,4.7
taolanaro,,,,,,,,
dikson,100,RU,1570998850,99,73.51,80.55,31.33,8.39
new norfolk,55,AU,1570998851,70,-42.78,147.06,48.2,10.29
vaini,100,IN,1570998851,97,15.34,74.49,68.97,3.09
camacha,20,PT,1570998851,77,33.08,-16.33,66.2,14.99
pangnirtung,40,CA,1570998851,68,66.15,-65.72,24.8,17.22
bahia blanca,4,AR,1570998851,30,-38.72,-62.27,55.38,19.61
rikitea,100,PF,1570998851,85,-23.12,-134.97,69.55,16.51
tarko-sale,75,RU,1570998852,94,64.92,77.78,37,8.51
de-kastri,0,RU,1570998852,56,51.48,140.77,31.46,9.74
lobito,100,AO,1570998852,87,-12.35,13.55,73.38,6.98
willowmore,16,ZA,1570998852,92,-33.3,23.49,52.05,16.07
tilichiki,0,RU,1570998853,78,60.47,166.1,30.87,6.99
longyearbyen,10,NO,1570998853,57,78.22,15.63,21.2,8.05
qaanaaq,6,GL,1570998853,51,77.48,-69.36,12.51,10.6
jever,75,DE,1570998853,82,53.57,7.9,66.99,12.75
bengkulu,,,,,,,,
alvorada,75,BR,1570998853,73,-30,-51.08,77,16.11
raudeberg,20,NO,1570998854,81,61.99,5.14,42.8,4.7
sao filipe,0,CV,1570998854,72,14.9,-24.5,78.85,24.01
tasiilaq,100,GL,1570998854,92,65.61,-37.64,30.2,5.82
lashio,0,MM,1570998854,84,22.93,97.75,65.39,2.42
inhambane,20,MZ,1570998854,68,-23.87,35.38,71.6,3.36
pokaran,76,IN,1570998854,24,26.93,71.92,85.87,6.78
samusu,,,,,,,,
kailua,40,US,1570998855,70,21.39,-157.74,87.01,6.93
georgetown,75,GY,1570998855,88,6.8,-58.16,80.6,11.41
hobart,21,AU,1570998855,70,-42.88,147.33,48.2,10.29
bilma,0,NE,1570998855,18,18.69,12.92,84.92,9.8
bulungu,100,CD,1570998855,86,-4.54,18.6,73.29,1.61
celestun,58,MX,1570998856,78,20.87,-90.4,82.6,19.05
salalah,20,OM,1570998856,78,17.01,54.1,78.8,4.7
smithers,75,CA,1570998856,80,54.78,-127.17,39.2,4.7
katsuura,75,JP,1570998856,77,33.93,134.5,62.6,8.05
namatanai,100,PG,1570998856,69,-3.66,152.44,82.92,3.18
aripuana,100,BR,1570998857,54,-9.17,-60.63,86.92,2.84
nome,1,US,1570998857,50,30.04,-94.42,84,3.03
marsh harbour,92,BS,1570998857,74,26.54,-77.06,78.22,14.51
nizhneyansk,,,,,,,,
arraial do cabo,0,BR,1570998857,78,-22.97,-42.02,82.4,17.22
vila velha,20,BR,1570998857,69,-3.71,-38.6,86,19.46
vitim,100,RU,1570998858,75,59.44,112.57,24.03,10.46
airai,10,TL,1570998858,16,-8.93,125.41,66.33,5.46
joensuu,75,FI,1570998858,87,62.6,29.76,36,6.93
xudat,0,AZ,1570998858,67,41.63,48.68,53.98,3.16
husavik,83,CA,1570998858,92,50.56,-96.99,37.99,5.99
hay river,75,CA,1570998858,69,60.82,-115.79,35.6,8.05
vila,75,IT,1570998859,87,45.18,8.4,62.01,6.93
kruisfontein,46,ZA,1570998859,90,-34,24.73,57.97,14.46
kieta,77,PG,1570998859,75,-6.22,155.63,80.69,5.6
lebu,98,ET,1570998859,85,8.96,38.73,50.86,2.2
bacuit,,,,,,,,
stornoway,,,,,,,,
narsaq,88,GL,1570998859,96,60.91,-46.05,30.58,7.23
yongan,0,CN,1570998860,39,39.7,113.69,27.18,3.43
sao joao da barra,0,BR,1570998860,74,-21.64,-41.05,78.8,23.04
camargo,86,MX,1570998860,64,27.69,-105.17,71.08,12.8
provideniya,90,RU,1570998860,74,64.42,-173.23,35.6,11.18
kushima,0,JP,1570998860,72,31.5,131.29,70.39,12.76
coruripe,0,BR,1570998860,76,-10.12,-36.18,76.82,12.52
nemuro,0,JP,1570998861,72,43.32,145.57,46.94,11.03
saint-joseph,90,FR,1570998861,73,43.56,6.97,69.8,3.36
sohag,20,EG,1570998861,29,26.55,31.7,89.6,17.22
luoyang,100,CN,1570998861,69,34.66,112.42,60.71,7.08
port alfred,7,ZA,1570998861,92,-33.59,26.89,62.01,17.77
clyde river,20,CA,1570998862,73,70.47,-68.59,24.8,7.49
vikhorevka,78,RU,1570998862,58,56.12,101.17,28.4,2.24
den helder,90,NL,1570998862,82,52.96,4.76,61,21.92
hithadhoo,100,MV,1570998862,74,-0.6,73.08,82.51,5.81
saint george,0,GR,1570998862,82,39.45,22.34,64.4,1.92
takoradi,100,GH,1570998862,89,4.89,-1.75,76.84,7.59
vilhena,75,BR,1570998863,83,-12.74,-60.15,73.4,19.46
mbulu,99,TZ,1570998863,95,-3.86,35.54,57.83,11.17
constantine,0,DZ,1570998863,59,36.36,6.61,64.4,2.24
nokaneng,9,BW,1570998863,17,-19.66,22.19,78.66,7.84
kadykchan,,,,,,,,
shubarshi,53,KZ,1570998863,65,48.59,57.19,49.87,17.28
chitral,0,PK,1570998863,49,35.85,71.79,41.63,1
high prairie,100,CA,1570998864,64,55.43,-116.48,46.18,1.71
atuona,38,PF,1570998864,70,-9.8,-139.03,79.45,15.28
rabo de peixe,20,PT,1570998864,68,37.8,-25.58,66.2,11.41
mar del plata,0,AR,1570998864,37,-46.43,-67.52,51.08,15.08
christchurch,100,NZ,1570998864,87,-43.53,172.64,55,10.29
carmarthen,0,GB,1570998865,76,51.86,-4.31,57.2,14.99
buin,90,CL,1570998865,31,-33.73,-70.74,77,4.7
mumford,92,GH,1570998865,95,5.26,-0.76,74.43,2.79
waverley,0,AU,1570998865,100,-33.9,151.26,55,12.34
saskylakh,96,RU,1570998865,96,71.97,114.09,19.24,2.46
avarua,25,CK,1570998865,60,-21.21,-159.78,75.2,13.87
georgiyevskoye,0,RU,1570998866,58,44.16,39.25,53.83,5.01
sarakhs,89,TM,1570998866,55,36.54,61.16,62.6,6.93
kihei,40,US,1570998866,65,20.76,-156.45,84.99,11.41
torbay,40,CA,1570998866,93,47.66,-52.73,63,16.11
eunice,1,US,1570998866,36,30.49,-92.42,82.99,3.36
faanui,19,PF,1570998866,69,-16.48,-151.75,77.07,13.19
buta,93,CD,1570998867,93,2.79,24.73,70.41,2.01
chapais,1,CA,1570998867,54,49.78,-74.86,51.8,9.17
ponta do sol,83,BR,1570998867,41,-20.63,-46,78.08,4.89
ciudad bolivar,65,VE,1570998867,52,8.12,-63.55,88.25,4.24
dudinka,100,RU,1570998867,99,69.41,86.18,33.66,6.4
constitucion,75,MX,1570998868,40,23.99,-104.67,75,3.36
impfondo,0,CD,1570998868,79,1.62,18.06,71.73,1.75
ryazanskaya,0,RU,1570998868,100,44.96,39.59,50,1.57
ribeira grande,20,PT,1570998868,63,38.52,-28.7,66.2,14.99
hamilton,20,CA,1570998868,44,43.26,-79.87,64.99,19.46
luganville,75,VU,1570998869,94,-15.51,167.18,77,2.24
ponta delgada,20,PT,1570998869,68,37.73,-25.67,66.2,11.41
iqaluit,20,CA,1570998869,74,63.75,-68.52,30.2,13.87
lumphat,80,KH,1570998869,94,13.5,106.97,68.31,3.52
chuy,100,UY,1570998869,76,-33.69,-53.46,56.32,16.54
vostok,100,RU,1570998870,50,46.45,135.83,24.42,3.62
auki,20,NG,1570998870,61,12.18,6.51,80.69,6.17
tsihombe,,,,,,,,
skalistyy,,,,,,,,
tuktoyaktuk,90,CA,1570998870,86,69.44,-133.03,30.2,10.29
tottori,100,JP,1570998870,88,35.5,134.23,61.47,8.34
port hardy,40,CA,1570998871,71,50.7,-127.42,55.4,9.17
yellowknife,75,CA,1570998871,64,62.45,-114.38,34,9.17
witu,75,KE,1570998871,88,-2.39,40.44,78.8,10.54
saint-pierre,15,FR,1570998871,77,48.95,4.24,68,5.82
nagato,20,JP,1570998871,77,34.35,131.14,60.8,4.7
rio cuarto,6,AR,1570998871,53,-33.13,-64.35,73.4,4.7
san cristobal,97,HN,1570998872,94,14.68,-86.92,69.03,2.87
aswan,9,EG,1570998872,22,24.09,32.9,91.4,5.82
eastlake,1,US,1570998872,60,32.66,-116.98,80.01,12.75
khatanga,100,RU,1570998872,95,71.98,102.47,23.86,10.58
geraldton,90,CA,1570998872,64,49.72,-86.95,39.2,6.93
quijingue,34,BR,1570998872,49,-10.75,-39.21,79.2,10.13
severo-kurilsk,45,RU,1570998873,75,50.68,156.12,34.86,22.61
mahebourg,75,MU,1570998873,88,-20.41,57.7,73,9.17
guaruja,38,BR,1570998873,29,-23.99,-46.26,91.4,13.87
bathsheba,40,BB,1570998873,70,13.22,-59.52,86,17.22
ajdabiya,50,LY,1570998873,32,30.75,20.22,81.32,10.99
lilongwe,1,MW,1570998873,61,-13.97,33.79,69.19,4.35
ancud,0,CL,1570998874,47,-41.87,-73.83,57.2,11.41
spas-klepiki,2,RU,1570998874,90,55.13,40.18,46.08,8.54
cam ranh,40,VN,1570998874,100,11.92,109.15,78.8,2.24
pevek,87,RU,1570998874,67,69.7,170.27,31.01,23.1
manakara,0,MG,1570998874,92,-22.14,48.01,69.46,5.74
ustka,57,PL,1570998875,87,54.58,16.86,62.82,16.29
inirida,100,CO,1570998875,78,3.87,-67.92,84.61,1.12
sentyabrskiy,,,,,,,,
attawapiskat,,,,,,,,
umzimvubu,,,,,,,,
male,0,UA,1570998875,69,50.74,33.7,56.1,5.52
alghero,66,IT,1570998875,93,40.56,8.32,66.2,2.24
guerrero negro,0,MX,1570998876,40,27.97,-114.04,80.67,10.45
kitimat,75,CA,1570998876,81,54.02,-128.69,48.99,3.36
jutai,100,BR,1570998876,75,-1.71,-47.89,80.13,2.95
chacabuco,2,AR,1570998876,65,-34.64,-60.47,61.86,13.64
tidore,,,,,,,,
nanortalik,90,GL,1570998877,77,60.14,-45.24,37.17,7.87
zhigansk,100,RU,1570998877,89,66.77,123.37,19.67,12.05
saint-philippe,1,CA,1570998877,44,45.36,-73.48,61,9.17
lakota,100,CI,1570998877,98,5.85,-5.68,71.92,1.42
rio grande,90,BR,1570998877,94,-32.03,-52.1,68,4.7
ahipara,100,NZ,1570998877,100,-35.17,173.16,57,34.6
karratha,80,AU,1570998878,70,-20.74,116.85,72.99,16.73
marrakesh,20,MA,1570998878,73,31.63,-7.99,69.8,8.05
umm durman,,,,,,,,
pyshchug,100,RU,1570998878,86,58.89,45.71,44.19,13.23
bam,0,IR,1570998878,10,29.11,58.36,73.38,11.43
ilhabela,0,BR,1570998878,71,-23.78,-45.36,79.36,6.12
mount gambier,90,AU,1570998879,93,-37.83,140.78,55.4,6.93
mys shmidta,,,,,,,,
bambous virieux,75,MU,1570998879,88,-20.34,57.76,73,9.17
the valley,20,AI,1570998879,66,18.22,-63.06,89.6,8.05
whitehorse,90,CA,1570998879,63,60.72,-135.06,30.99,0.45
goderich,100,CA,1570998879,64,43.74,-81.71,61,19.11
yar-sale,100,RU,1570998879,93,66.83,70.83,34.21,8.18
ruteng,4,ID,1570998880,57,-8.61,120.46,66.4,4.28
ngukurr,,,,,,,,
fare,16,PF,1570998880,72,-16.7,-151.02,76.98,12.82
ilulissat,0,GL,1570998880,53,69.22,-51.1,21.2,4.7
acarau,,,,,,,,
kamaishi,0,JP,1570998880,78,39.28,141.86,50.2,4.08
at-bashi,0,KG,1570998880,38,41.17,75.81,28.27,2.84
kijang,0,KR,1570998881,81,35.24,129.21,53.6,1.12
vardo,90,US,1570998881,33,39.62,-77.74,64.99,5.82
port blair,100,IN,1570998881,73,11.67,92.75,83.86,7.42
cabatuan,100,PH,1570998881,92,16.95,121.67,70.09,1.3
san carlos de bariloche,0,AR,1570998881,12,-41.13,-71.31,57.2,14.99
tomatlan,26,MX,1570998881,87,19.93,-105.25,83.66,5.23
wete,32,TZ,1570998882,80,-5.06,39.73,79.38,10.4
nantucket,1,US,1570998882,77,41.28,-70.1,64.4,4.7
havre-saint-pierre,90,CA,1570998882,71,50.23,-63.6,50,13.87
marcona,,,,,,,,
coihaique,0,CL,1570998882,22,-45.58,-72.07,59,5.82
cockburn town,40,TC,1570998882,78,21.46,-71.14,82.4,4.7
saleaula,,,,,,,,
pontianak,100,ID,1570998882,95,-0.02,109.34,74.37,1.39
itarema,84,BR,1570998883,71,-2.92,-39.92,78.31,14.02
coria,33,ES,1570998883,66,39.98,-6.54,62.01,8.41
hudson bay,91,CA,1570998883,65,52.86,-102.4,39.42,5.06
ginda,73,IN,1570998883,82,30.69,78.49,52.39,4.71
kalaiya,0,NP,1570998883,77,27.03,85,70.18,1.84
praya,40,ID,1570998884,88,-8.71,116.27,75.2,1.82
killam,97,CA,1570998884,55,52.79,-111.86,46.69,3.26
pangkalanbuun,100,ID,1570998884,86,-2.68,111.62,72.14,1.38
shingu,99,JP,1570998884,93,33.72,135.99,71.06,20.73
olafsvik,,,,,,,,
wahran,,,,,,,,
linxia,0,CN,1570998884,84,35.6,103.21,37.2,1.65
necochea,0,AR,1570998885,53,-38.55,-58.74,55.99,14
tessalit,69,ML,1570998885,16,20.2,1.01,94.57,10.43
bijie,100,CN,1570998885,97,27.3,105.3,54.9,4.97
kununurra,36,AU,1570998885,83,-15.77,128.74,71.6,3.28
umm kaddadah,100,SD,1570998885,74,13.6,26.69,75.4,15.59
puerto colombia,75,CO,1570998885,70,10.99,-74.96,89.6,8.05
lae,75,PG,1570998886,94,-6.72,146.98,71.6,5.82
kupang,44,ID,1570998886,55,-10.16,123.6,77.11,4.13
taltal,42,CL,1570998886,69,-25.41,-70.49,57.07,7.7
warwick,75,US,1570998886,45,41.7,-71.42,70,6.93
preobrazheniye,99,RU,1570998886,90,42.9,133.91,38.7,3.59
cherskiy,100,RU,1570998887,74,68.75,161.3,29.01,3.59
nongan,0,CN,1570998887,58,44.43,125.17,28.4,4.47
obo,95,CF,1570998887,96,5.39,26.49,67.78,3.87
kidal,0,ML,1570998887,16,18.44,1.41,93.06,10.48
naze,20,NG,1570998887,88,5.43,7.07,78.8,4.7
amderma,,,,,,,,
sisimiut,52,GL,1570998888,77,66.94,-53.67,23.77,3.78
oussouye,20,SN,1570998888,83,12.49,-16.54,80.6,2.24
beloha,0,MG,1570998888,74,-25.17,45.06,73.78,6.2
awjilah,59,LY,1570998888,30,29.14,21.3,81.21,10.11
jalu,59,LY,1570998888,30,29.03,21.55,81.21,10.11
umea,0,SE,1570998888,100,63.83,20.26,28.4,3.15
hilo,90,US,1570998889,66,19.71,-155.08,84.2,10.29
along,0,IN,1570998889,95,28.17,94.8,61.59,3.89
maebaru,45,JP,1570998889,87,33.55,130.2,61,1.12
talara,53,PE,1570998889,290,-4.58,-81.27,62.6,12.75
morros,88,BR,1570998889,70,-2.87,-44.04,84.2,13.87
mau,15,IN,1570998890,62,25.94,83.57,73.67,1.63
wuning,66,CN,1570998890,89,29.26,120.23,66.99,1.01
udachnyy,99,RU,1570998890,94,66.42,112.4,18.14,11.22
kholodnyy,100,RU,1570998890,99,62.72,147.95,-1.14,4.7
ostersund,0,SE,1570998890,90,63.18,14.64,37.4,3.36
san lorenzo,70,HN,1570998890,68,13.43,-87.45,84.43,4.63
santa maria,20,BR,1570998891,19,-16.02,-48.01,89.6,9.17
boat of garten,20,GB,1570998891,100,57.25,-3.76,46.99,1.12
bacong,100,PH,1570998891,74,6.14,124.31,78.35,3.23
ringe,100,NL,1570998891,82,52.6,6.92,64,19.46
dong hoi,100,VN,1570998891,88,17.48,106.6,73.47,4
vallenar,100,CL,1570998891,53,-28.58,-70.76,62.26,2.9
amapa,75,HN,1570998892,94,15.09,-87.97,86,3.36
suoyarvi,99,RU,1570998892,90,62.08,32.35,38.82,8.21
san patricio,67,PY,1570998892,40,-26.98,-56.83,91.56,4.37
brokopondo,40,SR,1570998892,88,5.06,-54.98,72,3.36
ibirama,22,BR,1570998892,1,-27.05,-49.52,86,1.82
margate,21,AU,1570998892,70,-43.03,147.26,48.2,10.29
sataua,,,,,,,,
lata,33,IN,1570998893,65,30.78,78.62,27.39,2.48
upernavik,0,GL,1570998893,46,72.79,-56.15,19.13,6.87
matara,8,BI,1570998893,82,-3.48,29.48,59.77,3.36
pimenta bueno,59,BR,1570998893,55,-11.68,-61.19,88.54,2.36
bafia,45,CM,1570998893,97,4.74,11.22,68.86,2.94
bahir dar,100,ET,1570998893,87,11.59,37.39,58.86,1.14
vila franca do campo,20,PT,1570998893,68,37.72,-25.43,66.2,11.41
paamiut,0,GL,1570998894,74,61.99,-49.67,32.85,19.81
villamontes,31,BO,1570998894,30,-21.26,-63.47,95.56,9.49
livramento,40,BR,1570998894,58,-3.03,-60.18,89.6,4.7
vaitupu,,,,,,,,
nueva gerona,41,CU,1570998894,77,21.88,-82.8,83.88,11.78
oxapampa,93,PE,1570998894,94,-10.58,-75.4,58.32,3.02
barahona,40,DO,1570998895,74,18.21,-71.1,86,20.8
marathon,90,CA,1570998895,100,48.72,-86.38,35.6,3.36
teguldet,100,RU,1570998895,83,57.31,88.17,40.91,3.78
lorengau,100,PG,1570998895,75,-2.02,147.27,82.53,13.07
mahanoro,0,MG,1570998895,77,-19.9,48.8,75.96,13.68
kuala terengganu,75,MY,1570998895,94,5.33,103.14,77,3.36
namibe,99,AO,1570998896,88,-15.19,12.15,71.06,3.68
kismayo,,,,,,,,
monteagudo,75,BO,1570998896,41,-19.8,-63.96,93.2,8.82
talnakh,100,RU,1570998896,96,69.49,88.39,25.63,8.84
hami,0,CN,1570998896,34,42.84,93.51,53.71,4.52
nyurba,100,RU,1570998896,81,63.29,118.35,24.6,6.8
labuhan,98,ID,1570998897,89,-2.54,115.51,73.35,2
noumea,75,NC,1570998897,60,-22.28,166.46,75.99,8.05
isangel,75,VU,1570998897,94,-19.55,169.27,75.2,3.76
grand river south east,,,,,,,,
jaguariaiva,80,BR,1570998897,48,-24.25,-49.71,87.01,5.99
hunza,,,,,,,,
westport,40,US,1570998897,52,41.14,-73.36,66.99,9.17
pontal do parana,20,BR,1570998898,27,-25.67,-48.51,89.6,6.93
kamenka,100,MD,1570998898,84,48.03,28.7,42.01,2.06
olinda,75,AU,1570998898,76,-37.84,145.39,57.99,4.7
atar,86,MR,1570998898,37,20.52,-13.05,87.89,5.82
embonas,,,,,,,,
ngunguru,100,NZ,1570998898,93,-35.62,174.5,57,17
portland,75,US,1570998898,63,43.66,-70.25,64.99,6.93
barcelos,86,BR,1570998899,73,-0.97,-62.93,84.38,1.95
sept-iles,75,CA,1570998899,66,50.2,-66.38,52,6.93
jizan,40,SA,1570998899,65,16.89,42.56,80.6,5.82
porto walter,79,BR,1570998899,40,-8.27,-72.74,91.67,1.95
okha,99,RU,1570998899,65,53.59,142.95,30.43,15.1
dunedin,76,NZ,1570998899,88,-45.87,170.5,51.01,17.82
oktyabrskoye,100,RU,1570998900,65,56.73,85.44,51.01,4.67
nioro,76,GM,1570998900,82,13.79,-15.05,77.59,11.2
verkhnetulomskiy,100,RU,1570998900,97,68.61,31.8,34.75,8.84
ewa beach,40,US,1570998900,78,21.32,-158.01,87.01,5.82
barra do garcas,75,BR,1570998900,34,-15.89,-52.26,96.8,13.87
segezha,100,RU,1570998901,93,63.74,34.31,39.16,10.39
tazmalt,20,DZ,1570998901,64,36.39,4.4,69.8,4.7
cedar city,1,US,1570998901,12,37.68,-113.06,66,21.92
saint anthony,1,US,1570998901,16,43.97,-111.68,61,4.7
caravelas,7,BR,1570998901,79,-17.73,-39.27,72.72,7.93
oranjemund,0,ZA,1570998902,74,-28.55,16.43,58.6,4.3
biak,26,ID,1570998902,78,-0.91,122.88,80.1,5.9
sorland,75,NO,1570998902,53,67.67,12.69,35.6,3.36
pisco,20,PE,1570998902,30,-13.71,-76.2,71.6,11.41
bowen,40,AU,1570998902,100,-20.01,148.25,70,2.24
broome,72,GB,1570998903,81,52.47,1.45,55.99,9.17
satitoa,,,,,,,,
hambantota,12,LK,1570998903,77,6.12,81.12,80.56,7.83
kavaratti,100,IN,1570998903,70,10.57,72.64,82.89,7.49
benjamin constant,86,BR,1570998903,58,-4.38,-70.03,91.4,6.93
gari,100,RU,1570998903,92,59.43,62.35,43.11,9.24
katima mulilo,0,NA,1570998904,37,-17.5,24.28,71.6,2.24
tual,19,ID,1570998904,81,-5.67,132.75,78.75,3.9
agadez,1,NE,1570998904,20,16.97,7.99,93.2,7.77
riacho de santana,100,BR,1570998904,18,-13.61,-42.94,96.8,5.82
aykhal,100,RU,1570998904,93,65.95,111.51,18.45,16.65
oskarshamn,90,SE,1570998904,100,57.26,16.44,53.01,5.82
cao bang,66,VN,1570998905,96,22.67,106.25,65.55,2.28
mattru,100,SL,1570998905,93,7.62,-11.83,74.86,2.52
cidreira,34,BR,1570998905,92,-30.17,-50.22,69.28,18.46
ambilobe,0,MG,1570998905,78,-13.19,49.05,73.38,8.94
abu dhabi,0,AE,1570998905,48,24.47,54.37,87.8,5.82
huarmey,98,PE,1570998906,69,-10.07,-78.15,64.44,8.71
gdansk,40,PL,1570998906,93,54.35,18.65,60.01,13.87
meadow lake,40,CA,1570998906,31,54.13,-108.44,50,4.7
chimoio,0,MZ,1570998906,88,-19.11,33.48,68,3.23
meulaboh,100,ID,1570998907,82,4.14,96.13,78.87,7.2
tefe,40,BR,1570998907,66,-3.35,-64.71,86,5.82
manado,20,ID,1570998907,100,1.49,124.85,73.4,1.7
bolungarvik,,,,,,,,
anadyr,75,RU,1570998907,83,64.73,177.51,37.4,31.32
abu zabad,100,SD,1570998907,75,12.35,29.25,76.23,4.55
mogadishu,74,SO,1570998908,86,2.04,45.34,79.95,11.43
sar-e pul,0,AF,1570998908,52,36.22,65.93,45.79,4.8
ukiah,1,US,1570998908,16,39.15,-123.21,78.01,5.26
sola,1,TZ,1570998908,59,-3.17,33.8,72.36,7.62
hailey,20,US,1570998908,22,43.52,-114.32,57.99,11.41
seoul,33,KR,1570998908,100,37.57,126.98,55.4,3.36
bonavista,100,CA,1570998909,83,48.65,-53.11,59,1.99
beringovskiy,100,RU,1570998909,95,63.05,179.32,37.78,34.41
malinovskiy,100,RU,1570998909,94,54.15,34.53,48.99,4.85
chiredzi,0,ZW,1570998909,35,-21.05,31.67,73.99,4.27
shakiso,91,ET,1570998910,97,5.77,38.9,56.19,2.04
kaitangata,100,NZ,1570998910,91,-46.28,169.85,49.01,19.93
novaya igirma,96,RU,1570998910,76,57.14,103.93,25.05,7.55
hede,100,SE,1570998910,100,60.45,15.49,39.99,2.4
genhe,0,CN,1570998910,66,50.78,121.52,15.85,4.08
college,90,US,1570998910,86,64.86,-147.8,28.99,3.36
omsukchan,79,RU,1570998911,93,62.53,155.8,-0.19,3.01
pierre,1,US,1570998911,45,44.37,-100.35,50,13.87
rochelle,90,US,1570998911,57,41.92,-89.07,55.4,11.41
ippy,69,CF,1570998911,94,6.26,21.2,70.14,1.59
palabuhanratu,,,,,,,,
semey,2,KZ,1570998911,46,50.41,80.25,49.53,7.55
maralal,100,KE,1570998912,76,1.1,36.7,64.49,11.64
chor,66,PK,1570998912,29,25.52,69.77,86.92,10.69
mbandaka,0,CD,1570998912,75,0.05,18.26,72.01,1.29
nueva concepcion,40,GT,1570998912,79,14.2,-91.3,89.6,9.17
pringsewu,100,ID,1570998912,98,-5.36,104.98,68.4,2.25
aklavik,90,CA,1570998912,92,68.22,-135.01,28.4,4.7
brumadinho,5,BR,1570998913,32,-20.14,-44.2,89.6,12.75
rawson,0,AR,1570998913,64,-43.3,-65.11,45.75,23.97
ulety,34,RU,1570998913,60,51.36,112.48,20.61,4.74
ribeira brava,20,PT,1570998913,63,32.65,-17.07,66.2,8.05
pagman,,,,,,,,
kahului,40,US,1570998914,65,20.89,-156.47,84.99,11.41
sumbawa,,,,,,,,
drayton valley,100,CA,1570998914,98,53.22,-114.98,36.09,7.45
honiara,40,SB,1570998914,88,-9.43,159.96,77,2.24
richards bay,83,ZA,1570998914,83,-28.77,32.06,69.46,17.86
vao,73,EE,1570998914,96,59.1,26.19,40.28,3.85
mankachar,9,IN,1570998914,92,25.53,89.87,70.39,4.09
kulhudhuffushi,51,MV,1570998915,75,6.62,73.07,82.33,6.55
rafaela,100,AR,1570998915,48,-31.25,-61.49,73.99,8.99
santa isabel,1,MX,1570998915,11,32.63,-115.58,84.2,4.7
buchanan,75,LR,1570998915,94,5.88,-10.05,77,3.11
esperance,28,AU,1570998915,93,-33.86,121.89,48.2,7.12
mirnyy,54,RU,1570998916,90,56.57,36.46,45.61,10.05
kudahuvadhoo,66,MV,1570998916,72,2.67,72.89,81.52,5.86
cabo san lucas,90,MX,1570998916,88,22.89,-109.91,90,20.8
burnie,11,AU,1570998916,80,-41.05,145.91,53.01,5.01
bud,0,NO,1570998916,86,62.91,6.91,39.2,3.36
abu kamal,0,SY,1570998916,29,34.45,40.92,75.25,5.88
bermeo,20,ES,1570998917,100,43.42,-2.72,66.99,2.24
sragen,52,ID,1570998917,88,-7.43,111.02,70.45,7.5
dvinskoy,98,RU,1570998917,89,62.16,45.12,42.6,11.1
hihifo,,,,,,,,
middelburg,74,NL,1570998917,87,51.5,3.61,61,18.34
tamiahua,0,MX,1570998918,77,21.28,-97.45,75.43,8.16
ciro marina,0,IT,1570998918,73,39.37,17.13,69.31,3
coquimbo,75,CL,1570998918,72,-29.95,-71.34,60.8,10.29
perth,75,AU,1570998918,93,-31.95,115.86,59,6.93
tumannyy,,,,,,,,
eyl,0,SO,1570998918,84,7.98,49.82,80.29,5.41
dargaville,100,NZ,1570998919,95,-35.94,173.86,54.41,15.95
tomari,64,RU,1570998919,45,47.76,142.06,42.66,14.49
limbang,75,BN,1570998919,94,4.75,115.01,78.8,2.24
hirtshals,100,DK,1570998919,96,57.59,9.96,52,8.01
waingapu,66,ID,1570998919,71,-9.65,120.26,79.2,7.93
lyubuchany,55,RU,1570998920,71,55.25,37.55,51.8,11.18
raychikhinsk,0,RU,1570998920,57,49.8,129.4,23.22,8.06
chukhloma,57,RU,1570998920,90,58.76,42.68,40.3,9.29
carballo,20,ES,1570998920,100,43.21,-8.69,57.99,4.7
ust-nera,100,RU,1570998920,96,64.57,143.24,4.44,3.01
natal,75,BR,1570998921,78,-5.81,-35.21,80.6,9.17
khonuu,,,,,,,,
wulanhaote,,,,,,,,
meyungs,,,,,,,,
san ignacio,73,PE,1570998921,82,-5.15,-79,69.4,2.14
porrentruy,0,CH,1570998921,66,47.42,7.08,62.01,1.12
parana,75,BR,1570998922,66,-7.52,-72.89,87.8,3.36
bemidji,40,US,1570998922,74,47.48,-94.89,39,13.87
puerto escondido,20,MX,1570998922,70,15.86,-97.07,89.6,6.93
linjiang,32,CN,1570998923,88,41.81,126.91,21.61,2.1
atambua,5,ID,1570998923,59,-9.11,124.89,68.31,3.41
breves,100,BR,1570998923,78,-1.68,-50.48,80.11,4.34
pacific grove,1,US,1570998923,59,36.62,-121.92,81,5.82
ballater,75,GB,1570998923,93,57.05,-3.04,51.8,5.82
yanan,,,,,,,,
tinaquillo,34,VE,1570998923,72,9.92,-68.31,76.51,4.41
alofi,75,NU,1570998924,69,-19.06,-169.92,77,16.11
maniitsoq,0,GL,1570998924,64,65.42,-52.9,31.91,14.94
alirajpur,18,IN,1570998924,60,22.3,74.35,73.31,2.03
ossora,28,RU,1570998924,61,59.24,163.07,35.76,8.77
rosario,90,UY,1570998924,63,-34.31,-57.35,60.8,19.46
eskasem,,,,,,,,
yaan,18,NG,1570998925,91,7.38,8.57,76.03,1.6
imbituba,92,BR,1570998925,83,-28.24,-48.67,75.2,14.99
peleduy,100,RU,1570998925,74,59.63,112.75,24.24,9.62
nioki,1,CD,1570998925,72,-2.72,17.69,74.97,1.49
luderitz,0,NA,1570998926,82,-26.65,15.16,59,6.93
champerico,40,MX,1570998926,52,16.38,-93.6,87.8,4.7
qibili,,,,,,,,
walvis bay,76,NA,1570998926,82,-22.95,14.51,63,9.17
frei paulo,0,BR,1570998926,75,-10.55,-37.54,71.11,8.72
mastic beach,20,US,1570998926,39,40.77,-72.85,66.2,4.33
wahpeton,100,US,1570998926,74,46.27,-96.61,41,12.75
quatre cocos,75,MU,1570998927,88,-20.21,57.76,73,9.17
tarauaca,46,BR,1570998927,46,-8.16,-70.77,89.56,4.62
okhotsk,82,RU,1570998927,64,59.36,143.24,15.58,16.69
khanpur,90,PK,1570998927,26,28.65,70.66,82.06,7.06
oktyabrskiy,14,RU,1570998927,71,55.61,37.97,51.8,11.18
magistralnyy,100,RU,1570998927,75,56.17,107.45,21.99,5.19
sinkat,,,,,,,,
gimli,83,CA,1570998928,92,50.63,-96.99,37.99,5.99
russell,1,US,1570998928,23,38.9,-98.86,69.01,2.91
la serena,75,CL,1570998928,72,-29.9,-71.25,60.8,10.29
taoudenni,34,ML,1570998928,26,22.68,-3.98,90.34,18.19
hvolsvollur,,,,,,,,
kabo,7,CF,1570998928,90,7.69,18.62,72.27,1.68
tomino,100,RU,1570998928,82,54.95,61.17,46.31,15.45
praia da vitoria,40,PT,1570998929,72,38.73,-27.07,66.2,19.51
deputatskiy,79,RU,1570998929,89,69.3,139.9,3.25,5.04
pajapan,75,MX,1570998929,70,18.26,-94.69,86,17.22
kirakira,2,SB,1570998929,73,-10.46,161.92,80.29,2.51
dogondoutchi,0,NE,1570998929,40,13.64,4.03,90.75,1.96
berlevag,75,NO,1570998930,63,70.86,29.09,33.8,3.36
chernyshevskiy,100,RU,1570998930,77,63.01,112.47,26.29,9.79
maxixe,20,MZ,1570998930,68,-23.86,35.35,71.6,3.36
macon,90,US,1570998930,61,32.84,-83.63,84.2,4.7
chandbali,37,IN,1570998930,89,20.77,86.74,75.27,4.74
kattivakkam,20,IN,1570998930,79,13.22,80.32,84.2,3.36
salinopolis,37,BR,1570998931,80,-0.61,-47.36,81.19,19.72
simao,83,CN,1570998931,96,22.76,100.79,61.03,2.52
jiwani,0,PK,1570998931,78,25.05,61.74,80.74,9.9
vestmannaeyjar,100,IS,1570998931,80,63.44,-20.27,44.87,26.16
laguna,75,BZ,1570998931,88,16.17,-88.94,80.6,4.7
senneterre,90,CA,1570998931,62,48.39,-77.24,51.8,17.22
grand centre,,,,,,,,
hvide sande,100,DK,1570998932,93,56.01,8.13,60.01,13.87
belyy yar,9,RU,1570998932,81,53.6,91.39,36.09,1.84
krasnyy oktyabr,0,RU,1570998932,90,56.12,38.88,45.55,9.01
flinders,0,AU,1570998932,100,-34.58,150.85,55.99,4.7
tevaitoa,32,PF,1570998932,73,-16.78,-151.5,76.5,13.1
cap malheureux,75,MU,1570998932,88,-19.98,57.61,73,9.17
mahon,20,IE,1570998933,93,51.89,-8.4,48.99,5.82
rocha,100,UY,1570998933,72,-34.48,-54.34,51.04,14.6
bairiki,,,,,,,,
great falls,1,US,1570998933,33,47.5,-111.29,61,6.93
prachin buri,100,TH,1570998933,94,14.05,101.37,74.46,4.86
yerbogachen,96,RU,1570998933,75,61.28,108.01,27.46,8.93
kristiansund,0,NO,1570998934,80,63.12,7.73,39.2,10.29
moyale,91,ET,1570998934,83,3.52,39.05,70.75,4.63
carauari,86,BR,1570998934,49,-4.88,-66.9,91.42,1.38
wajima,67,JP,1570998934,71,37.4,136.9,61.61,11.12
rock sound,46,BS,1570998934,73,24.9,-76.2,80.28,11.77
liverpool,36,GB,1570998935,100,53.41,-2.98,51.01,4.7
merauke,85,ID,1570998935,88,-8.49,140.4,71.6,6.72
kaeo,100,NZ,1570998935,100,-35.1,173.78,57,37.84
orangeburg,1,US,1570998935,51,33.49,-80.86,86,4.7
mackay,90,CA,1570998935,100,53.65,-115.58,37.4,3.36
mnogovershinnyy,78,RU,1570998935,66,53.94,139.92,23.95,12.71
nenjiang,0,CN,1570998936,49,49.17,125.23,24.75,6.39
anchorage,1,US,1570998936,74,61.22,-149.89,37.99,6.93
iquitos,40,PE,1570998936,319,-3.75,-73.25,42.8,5.82
laukaa,75,FI,1570998936,93,62.42,25.95,34,3.36
san pedro,100,AR,1570998936,54,-33.68,-59.66,62.01,11.01
friesach,23,AT,1570998936,93,46.95,14.41,53.01,3.36
nieves,39,MX,1570998937,38,24,-103.02,77.94,4.75
shanghai,97,CN,1570998937,88,31.23,121.49,73,2.24
gaborone,76,BW,1570998937,19,-24.66,25.91,80.6,3.36
broken hill,0,AU,1570998937,62,-31.97,141.45,59,12.75
bechem,100,GH,1570998938,99,7.09,-2.02,71.04,2.06
bolshaya martynovka,0,RU,1570998938,67,47.27,41.67,53.6,9.6
eureka,1,US,1570998938,81,40.8,-124.16,62.01,5.82
codrington,89,AU,1570998938,100,-28.95,153.24,57.99,6.93
tukrah,,,,,,,,
holland,90,US,1570998938,65,42.79,-86.11,48,17.22
cheuskiny,,,,,,,,
bay roberts,40,CA,1570998938,93,47.58,-53.28,63,16.11
lukovetskiy,100,RU,1570998939,97,64.29,41.92,39.63,5.53
mweka,100,CD,1570998939,97,-4.85,21.56,69.84,2.06
urumqi,,,,,,,,
moramanga,93,MG,1570998939,89,-18.95,48.23,60.28,2.03
tautira,20,PF,1570998939,61,-17.73,-149.15,80.6,5.82
scarborough,95,GB,1570998939,87,54.28,-0.41,52,14.99
san quintin,100,PH,1570998940,85,17.54,120.52,70.88,5.24
kuusamo,90,FI,1570998940,94,65.96,29.19,32,3.36
kamenskoye,,,,,,,,
wah,,,,,,,,
oak ridge,1,US,1570998940,52,36.01,-84.27,73.4,5.63
salo,32,FI,1570998940,100,60.38,23.13,43,1.12
muravlenko,100,RU,1570998941,85,63.79,74.5,39.92,6.12
bogatoye,100,RU,1570998941,93,53.06,51.33,46.9,10.54
hofn,97,IS,1570998941,65,64.25,-15.21,43.52,3.61
rungata,,,,,,,,
pandharpur,56,IN,1570998941,81,17.68,75.33,76.42,6.66
lakes entrance,3,AU,1570998941,93,-37.88,147.99,46.99,6.27
nampa,1,US,1570998941,26,43.57,-116.56,61,3.36
durgapur,0,IN,1570998942,68,23.54,87.34,72.32,3.82
mutsamudu,,,,,,,,
muros,90,ES,1570998942,100,42.77,-9.06,59,1.12
port-gentil,40,GA,1570998942,94,-0.72,8.78,77,6.93
lagos,20,NG,1570998942,88,6.46,3.39,78.8,2.24
panapakkam,,,,,,,,
marovoay,40,MG,1570998942,83,-16.11,46.64,78.8,2.24
khrustalnyy,,,,,,,,
norman wells,75,CA,1570998943,86,65.28,-126.83,30.2,8.05
kotovo,100,RU,1570998943,75,50.32,44.8,56.03,15.25
leirvik,100,NO,1570998943,87,59.78,5.5,48.2,6.93
tabou,100,CI,1570998943,94,4.42,-7.36,74.82,2.86
kiunga,99,PG,1570998943,98,-6.12,141.3,72.48,2.13
krabi,20,TH,1570998944,100,8.06,98.92,77,5.66
ahuimanu,40,US,1570998944,70,21.44,-157.84,87.01,6.93
mudyuga,,,,,,,,
shimoda,100,JP,1570998944,84,34.7,138.93,66.99,37.33
vanavara,100,RU,1570998944,68,60.35,102.28,29.43,7.99
pervomayskoye,100,RU,1570998944,72,57.07,86.23,44.8,6.89
malkangiri,88,IN,1570998945,96,18.35,81.9,72.43,1.47
mokhsogollokh,75,RU,1570998945,93,61.4,128.95,14.09,7.47
polis,0,CY,1570998945,47,35.04,32.42,77,3.36
portobelo,40,PA,1570998945,88,9.55,-79.65,82,3.36
manavalakurichi,40,IN,1570998945,100,8.13,77.3,77,12.65
mirabad,0,IR,1570998945,22,28.27,61.33,65.86,3.47
ilebo,100,CD,1570998946,97,-4.33,20.59,70.9,1.42
